,folds,test_auc,test_acc
0,0,0.7541666666666667,0.5625
1,1,0.6875,0.4666666666666667
2,2,0.3624338624338625,0.3414634146341463
3,3,0.6201298701298701,0.38888888888888884
4,4,0.5966666666666667,0.4285714285714286
5,5,0.1323529411764706,0.3793103448275862
6,6,0.4904761904761905,0.48275862068965514
7,7,0.7424242424242424,0.7241379310344828
8,8,0.41836734693877553,0.4285714285714286
9,9,0.7633928571428572,0.6666666666666667
