,folds,test_auc,test_acc
0,0,0.8333333333333333,0.7857142857142857
1,1,0.8035714285714286,0.7333333333333334
2,2,0.6574074074074073,0.5238095238095238
3,3,0.7129629629629629,0.6333333333333333
4,4,0.9333333333333333,0.875
5,5,0.4111111111111111,0.368421052631579
6,6,0.6666666666666667,0.625
7,7,0.7592592592592593,0.8
8,8,0.7916666666666667,0.6923076923076923
9,9,0.7692307692307693,0.8421052631578947
