,folds,test_auc,test_acc
0,0,0.7375,0.5625
1,1,0.6339285714285714,0.5333333333333333
2,2,0.6058201058201058,0.6341463414634146
3,3,0.7272727272727273,0.38888888888888884
4,4,0.7566666666666666,0.4285714285714286
5,5,0.5098039215686274,0.5862068965517242
6,6,0.1523809523809524,0.5172413793103448
7,7,0.7727272727272728,0.6206896551724138
8,8,0.38265306122448983,0.5714285714285714
9,9,0.7767857142857143,0.7
