fold,auc,accuracy
0,0.8625,0.75
1,0.41964285714285715,0.6333333333333333
2,0.738095238095238,0.4634146341463415
3,0.6818181818181819,0.4722222222222222
4,0.5833333333333333,0.5428571428571428
5,0.8578431372549019,0.8275862068965517
6,0.3476190476190476,0.3448275862068966
7,0.6919191919191919,0.5862068965517241
8,0.4336734693877551,0.5
9,0.9821428571428571,0.6333333333333333
mean,0.6598587313713364,0.5753781355547545
std,0.20099069721063736,0.13564902541101037
