,folds,test_auc,test_acc
0,0,0.7125,0.4375
1,1,0.36160714285714285,0.3666666666666667
2,2,0.37830687830687837,0.6585365853658536
3,3,0.6168831168831168,0.6111111111111112
4,4,0.8766666666666667,0.4285714285714286
5,5,0.37745098039215685,0.5862068965517242
6,6,0.5761904761904763,0.48275862068965514
7,7,0.5757575757575757,0.5862068965517242
8,8,0.41326530612244905,0.3571428571428571
9,9,0.9285714285714286,0.7
