,folds,test_auc,test_acc
0,0,0.8625,0.75
1,1,0.41964285714285715,0.6333333333333333
2,2,0.738095238095238,0.46341463414634143
3,3,0.6818181818181819,0.4722222222222222
4,4,0.5833333333333333,0.5428571428571429
5,5,0.8578431372549019,0.8275862068965517
6,6,0.3476190476190476,0.3448275862068966
7,7,0.6919191919191919,0.5862068965517242
8,8,0.4336734693877551,0.5
9,9,0.9821428571428571,0.6333333333333333
