,folds,test_auc,test_acc
0,0,0.25416666666666665,0.625
1,1,0.5580357142857142,0.5333333333333333
2,2,0.2698412698412699,0.4878048780487805
3,3,0.6590909090909091,0.38888888888888884
4,4,0.26666666666666666,0.5714285714285714
5,5,0.6715686274509803,0.4137931034482759
6,6,0.5476190476190476,0.48275862068965514
7,7,0.7575757575757576,0.6206896551724138
8,8,0.4693877551020409,0.5
9,9,0.5401785714285714,0.5333333333333333
