fold,auc,accuracy
0,0.9166666666666667,0.9285714285714286
1,0.8214285714285714,0.7333333333333333
2,0.6666666666666666,0.5238095238095238
3,0.6898148148148148,0.6333333333333333
4,0.8666666666666667,0.875
5,0.35555555555555557,0.3684210526315789
6,0.7936507936507936,0.6875
7,0.8333333333333334,0.8
8,0.9652777777777778,0.8461538461538461
9,0.8205128205128205,0.7894736842105263
mean,0.7729573667073667,0.7185596202043569
std,0.16356651834943373,0.16293903081931707
