fold,auc,accuracy
0,0.5568181818181818,0.4827586206896552
1,0.621301775147929,0.5769230769230769
2,0.4350490196078432,0.39655172413793105
3,0.7162162162162162,0.6666666666666666
4,0.45833333333333337,0.5666666666666667
5,0.5381944444444444,0.5
6,0.5954106280193237,0.515625
7,0.4017857142857143,0.29411764705882354
8,0.6298701298701299,0.5211267605633803
9,0.41428571428571426,0.35555555555555557
mean,0.5367265157028831,0.48759917182617557
std,0.10078665033332342,0.10561373440575249
