,folds,test_auc,test_acc
0,0,0.7013888888888888,0.625
1,1,0.8214285714285714,0.6444444444444444
2,2,0.563076923076923,0.631578947368421
3,3,0.6363636363636364,0.5
4,4,0.48437499999999994,0.4642857142857143
5,5,0.7757575757575758,0.5769230769230769
6,6,0.487012987012987,0.52
7,7,0.85,0.59375
8,8,0.643939393939394,0.5217391304347826
9,9,0.6049382716049383,0.5185185185185186
