,folds,test_auc,test_acc
0,0,0.9166666666666667,0.9285714285714286
1,1,0.8571428571428572,0.8
2,2,0.4444444444444444,0.47619047619047616
3,3,0.6481481481481481,0.6333333333333333
4,4,0.8833333333333334,0.8125
5,5,0.33333333333333337,0.3157894736842105
6,6,0.746031746031746,0.6875
7,7,0.7962962962962962,0.6666666666666667
8,8,0.7777777777777779,0.7692307692307692
9,9,0.7948717948717948,0.7894736842105263
