,folds,test_auc,test_acc
0,0,0.8958333333333334,0.9285714285714286
1,1,0.8928571428571429,0.8
2,2,0.4722222222222222,0.47619047619047616
3,3,0.6203703703703703,0.6333333333333333
4,4,0.9000000000000001,0.8125
5,5,0.34444444444444444,0.368421052631579
6,6,0.7619047619047619,0.75
7,7,0.8148148148148148,0.7333333333333334
8,8,0.8333333333333333,0.7692307692307692
9,9,0.7692307692307692,0.7894736842105263
