,folds,test_auc,test_acc
0,0,0.9583333333333334,0.9285714285714286
1,1,0.9107142857142857,0.7333333333333334
2,2,0.5648148148148148,0.4285714285714286
3,3,0.6388888888888888,0.6
4,4,0.8,0.6875
5,5,0.7111111111111111,0.631578947368421
6,6,0.746031746031746,0.625
7,7,0.8333333333333334,0.8
8,8,0.7638888888888888,0.7307692307692308
9,9,0.858974358974359,0.7894736842105263
